"Benchmark","# Threads","L2 Size","L2 Replacement Policy","L2 Size+L2 Replacement Policy","Min NVM Partition Size","Max NVM Partition Size","Min:Max NVM Partition Size","L2 Miss Rate","# Cycles","Committed Insts","Simulation Time","IPC","# Near Memory Pages","# Far Memory Pages","Near:Far Memory Page Ratio","system.perPhaseNearFarMemoryBwRatioHist.mean","system.perPhaseNearFarMemoryBwRatioHist.stdev"
"400.perlbench","1","256kB","HAP_STATIC","256kB+HAP_STATIC","1","3","1:3","0.028133","364011251","100000001","162.66","0.27471678615779926","7066","1695","4.1687315634218285","6.0","3.0"
"400.perlbench","1","256kB","HAP_STATIC","256kB+HAP_STATIC","1","5","1:5","0.027774","363988189","100000001","160.52","0.2747341919932462","7066","1695","4.1687315634218285","5.0","3.0"
"400.perlbench","1","256kB","HAP_STATIC","256kB+HAP_STATIC","1","7","1:7","0.027774","363988069","100000001","131.32","0.2747342825679267","7066","1695","4.1687315634218285","5.0","3.0"
"400.perlbench","1","256kB","HAP_STATIC","256kB+HAP_STATIC","3","5","3:5","0.027824","363989451","100000001","165.36","0.2747332394531401","7066","1695","4.1687315634218285","6.0","4.0"
"400.perlbench","1","256kB","HAP_STATIC","256kB+HAP_STATIC","3","7","3:7","0.027824","363989331","100000001","145.81","0.27473333002719247","7066","1695","4.1687315634218285","6.0","4.0"
"400.perlbench","1","256kB","HAP_STATIC","256kB+HAP_STATIC","5","7","5:7","0.028044","363993683","100000001","132.32","0.2747300452464171","7066","1695","4.1687315634218285","7.0","6.0"
"400.perlbench","1","1MB","HAP_STATIC","1MB+HAP_STATIC","1","3","1:3","0.029253","362395815","100000001","157.38","0.27594137917955813","7021","1740","4.035057471264368","4.0","1.0"
"400.perlbench","1","1MB","HAP_STATIC","1MB+HAP_STATIC","1","5","1:5","0.024449","363938168","100000001","156.12","0.27477195247078345","7033","1728","4.070023148148148","5.0","2.0"
"400.perlbench","1","1MB","HAP_STATIC","1MB+HAP_STATIC","1","7","1:7","0.022310","364841717","100000001","126.62","0.2740914658068008","7018","1743","4.026391279403327","4.0","2.0"
"400.perlbench","1","1MB","HAP_STATIC","1MB+HAP_STATIC","3","5","3:5","0.017045","367903741","100000001","138.93","0.2718102314703019","7091","1670","4.246107784431138","5.0","2.0"
"400.perlbench","1","1MB","HAP_STATIC","1MB+HAP_STATIC","3","7","3:7","0.019110","366495865","100000001","150.19","0.2728543772246926","7044","1717","4.102504368083867","5.0","2.0"
"400.perlbench","1","1MB","HAP_STATIC","1MB+HAP_STATIC","5","7","5:7","0.025781","363439559","100000001","159.14","0.275148916851949","7003","1758","3.9835039817974973","5.0","2.0"
"400.perlbench","1","4MB","HAP_STATIC","4MB+HAP_STATIC","1","3","1:3","0.011945","364469037","100000001","151.64","0.27437173215896526","6981","1780","3.9219101123595506","6.0","7.0"
"400.perlbench","1","4MB","HAP_STATIC","4MB+HAP_STATIC","1","5","1:5","0.013564","363437459","100000001","140.87","0.2751505067065748","7041","1720","4.09360465116279","4.0","1.0"
"400.perlbench","1","4MB","HAP_STATIC","4MB+HAP_STATIC","1","7","1:7","0.020849","360186158","100000001","119.51","0.27763421436089725","7038","1723","4.084735925710969","5.0","2.0"
"400.perlbench","1","4MB","HAP_STATIC","4MB+HAP_STATIC","3","5","3:5","0.012727","363875704","100000001","113.76","0.2748191206522544","6941","1820","3.813736263736264","6.0","2.0"
"400.perlbench","1","4MB","HAP_STATIC","4MB+HAP_STATIC","3","7","3:7","0.009340","368139014","100000001","127.06","0.2716365209800882","7078","1683","4.205585264408794","7.0","5.0"
"400.perlbench","1","4MB","HAP_STATIC","4MB+HAP_STATIC","5","7","5:7","0.016753","362909446","100000001","91.30","0.2755508353452999","7027","1734","4.052479815455594","13.0","8.0"
"403.gcc","1","256kB","HAP_STATIC","256kB+HAP_STATIC","1","3","1:3","0.968818","620115078","100000001","144.44","0.16126039270407808","13869","3492","3.9716494845360826","4.0","0.0"
"403.gcc","1","256kB","HAP_STATIC","256kB+HAP_STATIC","1","5","1:5","0.968766","620075488","100000001","142.35","0.1612706887068563","13869","3492","3.9716494845360826","4.0","0.0"
"403.gcc","1","256kB","HAP_STATIC","256kB+HAP_STATIC","1","7","1:7","0.968766","620073890","100000001","149.19","0.16127110431951908","13869","3492","3.9716494845360826","4.0","0.0"
"403.gcc","1","256kB","HAP_STATIC","256kB+HAP_STATIC","3","5","3:5","0.968782","620073584","100000001","134.35","0.16127118390516698","13869","3492","3.9716494845360826","4.0","0.0"
"403.gcc","1","256kB","HAP_STATIC","256kB+HAP_STATIC","3","7","3:7","0.968783","620071986","100000001","147.71","0.16127159952038214","13869","3492","3.9716494845360826","4.0","0.0"
"403.gcc","1","256kB","HAP_STATIC","256kB+HAP_STATIC","5","7","5:7","0.968941","620058894","100000001","137.50","0.1612750046288345","13869","3492","3.9716494845360826","4.0","0.0"
"403.gcc","1","1MB","HAP_STATIC","1MB+HAP_STATIC","1","3","1:3","0.690792","550543898","100000001","146.63","0.18163856027335354","13869","3492","3.9716494845360826","4.0","0.0"
"403.gcc","1","1MB","HAP_STATIC","1MB+HAP_STATIC","1","5","1:5","0.703115","552333890","100000001","150.18","0.18104990986520852","13886","3475","3.995971223021583","4.0","0.0"
"403.gcc","1","1MB","HAP_STATIC","1MB+HAP_STATIC","1","7","1:7","0.705697","553667478","100000001","120.62","0.18061382503669468","13784","3577","3.8535085266983504","4.0","0.0"
"403.gcc","1","1MB","HAP_STATIC","1MB+HAP_STATIC","3","5","3:5","0.698650","552018818","100000001","133.31","0.18115324648226033","13824","3537","3.9083969465648853","4.0","0.0"
"403.gcc","1","1MB","HAP_STATIC","1MB+HAP_STATIC","3","7","3:7","0.697054","551335596","100000001","138.20","0.1813777338621176","13839","3522","3.9293015332197614","4.0","0.0"
"403.gcc","1","1MB","HAP_STATIC","1MB+HAP_STATIC","5","7","5:7","0.710024","552883046","100000001","140.62","0.1808700804328878","13939","3422","4.073348918760958","20.0","82.0"
"403.gcc","1","4MB","HAP_STATIC","4MB+HAP_STATIC","1","3","1:3","0.617970","532269180","100000001","139.58","0.1878748662471872","13988","3373","4.147050103765194","4.0","0.0"
"403.gcc","1","4MB","HAP_STATIC","4MB+HAP_STATIC","1","5","1:5","0.618002","532696164","100000001","130.27","0.18772427465800184","13868","3493","3.9702261666189522","4.0","0.0"
"403.gcc","1","4MB","HAP_STATIC","4MB+HAP_STATIC","1","7","1:7","0.623707","532420640","100000001","143.67","0.18782142067219634","13910","3451","4.03071573456969","4.0","0.0"
"403.gcc","1","4MB","HAP_STATIC","4MB+HAP_STATIC","3","5","3:5","0.615273","532934964","100000001","137.86","0.187640158283929","13911","3450","4.032173913043478","4.0","0.0"
"403.gcc","1","4MB","HAP_STATIC","4MB+HAP_STATIC","3","7","3:7","0.620350","533117654","100000001","112.64","0.18757585731722926","13826","3535","3.9111739745403113","4.0","1.0"
"403.gcc","1","4MB","HAP_STATIC","4MB+HAP_STATIC","5","7","5:7","0.615446","532410616","100000001","110.83","0.18782495689379716","13814","3547","3.8945587820693546","4.0","1.0"
"429.mcf","1","256kB","HAP_STATIC","256kB+HAP_STATIC","1","3","1:3","0.717914","1401085704","100000001","189.22","0.07137322200526856","343677","85642","4.012949253870764","4.0","0.0"
"429.mcf","1","256kB","HAP_STATIC","256kB+HAP_STATIC","1","5","1:5","0.716871","1398715168","100000001","178.40","0.07149418501194091","343677","85642","4.012949253870764","4.0","0.0"
"429.mcf","1","256kB","HAP_STATIC","256kB+HAP_STATIC","1","7","1:7","0.716806","1398531492","100000001","183.62","0.07150357469390471","343677","85642","4.012949253870764","4.0","0.0"
"429.mcf","1","256kB","HAP_STATIC","256kB+HAP_STATIC","3","5","3:5","0.717018","1398625790","100000001","194.57","0.07149875378745876","343677","85642","4.012949253870764","4.0","0.0"
"429.mcf","1","256kB","HAP_STATIC","256kB+HAP_STATIC","3","7","3:7","0.716954","1398442114","100000001","170.32","0.07150814466961912","343677","85642","4.012949253870764","4.0","0.0"
"429.mcf","1","256kB","HAP_STATIC","256kB+HAP_STATIC","5","7","5:7","0.718354","1398429268","100000001","176.98","0.07150880154490588","343677","85642","4.012949253870764","4.0","0.0"
"429.mcf","1","1MB","HAP_STATIC","1MB+HAP_STATIC","1","3","1:3","0.648347","1319395062","100000001","188.05","0.07579231109779612","343357","85962","3.994288173844257","4.0","0.0"
"429.mcf","1","1MB","HAP_STATIC","1MB+HAP_STATIC","1","5","1:5","0.648077","1308533174","100000001","183.00","0.07642144883061253","343246","86073","3.987847524775481","4.0","0.0"
"429.mcf","1","1MB","HAP_STATIC","1MB+HAP_STATIC","1","7","1:7","0.647600","1308920894","100000001","186.89","0.07639881176807008","343161","86158","3.982926716033334","4.0","0.0"
"429.mcf","1","1MB","HAP_STATIC","1MB+HAP_STATIC","3","5","3:5","0.649132","1308746652","100000001","188.56","0.07640898324147155","343396","85923","3.9965550551074798","4.0","0.0"
"429.mcf","1","1MB","HAP_STATIC","1MB+HAP_STATIC","3","7","3:7","0.647983","1313082214","100000001","204.39","0.07615669448097483","343296","86023","3.990746660776769","4.0","0.0"
"429.mcf","1","1MB","HAP_STATIC","1MB+HAP_STATIC","5","7","5:7","0.643709","1313517890","100000001","178.93","0.07613143434232175","343089","86230","3.978766090687696","4.0","0.0"
"429.mcf","1","4MB","HAP_STATIC","4MB+HAP_STATIC","1","3","1:3","0.541368","1191251754","100000001","177.02","0.08394531270507577","343750","85569","4.017225864507006","4.0","0.0"
"429.mcf","1","4MB","HAP_STATIC","4MB+HAP_STATIC","1","5","1:5","0.542289","1190707752","100000001","207.20","0.08398366503622125","343695","85624","4.014003083247688","4.0","0.0"
"429.mcf","1","4MB","HAP_STATIC","4MB+HAP_STATIC","1","7","1:7","0.542204","1194571704","100000001","150.79","0.08371201215059083","343620","85699","4.009615048016896","4.0","0.0"
"429.mcf","1","4MB","HAP_STATIC","4MB+HAP_STATIC","3","5","3:5","0.541734","1194008260","100000001","125.95","0.08375151525333668","343276","86043","3.9895866020478135","4.0","0.0"
"429.mcf","1","4MB","HAP_STATIC","4MB+HAP_STATIC","3","7","3:7","0.541425","1191469450","100000001","118.66","0.08392997487262473","343363","85956","3.9946367909162825","4.0","0.0"
"429.mcf","1","4MB","HAP_STATIC","4MB+HAP_STATIC","5","7","5:7","0.540079","1186545302","100000001","121.36","0.08427828320709158","343498","85821","4.00249356218175","4.0","0.0"
"433.milc","1","256kB","HAP_STATIC","256kB+HAP_STATIC","1","3","1:3","0.997577","580455738","100000000","141.80","0.17227842444034897","110634","27819","3.9769222473848806","4.0","0.0"
"433.milc","1","256kB","HAP_STATIC","256kB+HAP_STATIC","1","5","1:5","0.997577","580455738","100000000","149.63","0.17227842444034897","110634","27819","3.9769222473848806","4.0","0.0"
"433.milc","1","256kB","HAP_STATIC","256kB+HAP_STATIC","1","7","1:7","0.997577","580455738","100000000","129.34","0.17227842444034897","110634","27819","3.9769222473848806","4.0","0.0"
"433.milc","1","256kB","HAP_STATIC","256kB+HAP_STATIC","3","5","3:5","0.997577","580455738","100000000","134.22","0.17227842444034897","110634","27819","3.9769222473848806","4.0","0.0"
"433.milc","1","256kB","HAP_STATIC","256kB+HAP_STATIC","3","7","3:7","0.997577","580455738","100000000","98.60","0.17227842444034897","110634","27819","3.9769222473848806","4.0","0.0"
"433.milc","1","256kB","HAP_STATIC","256kB+HAP_STATIC","5","7","5:7","0.997577","580455738","100000000","116.72","0.17227842444034897","110634","27819","3.9769222473848806","4.0","0.0"
"433.milc","1","1MB","HAP_STATIC","1MB+HAP_STATIC","1","3","1:3","0.998167","580066574","100000000","133.78","0.1723940052439567","110635","27818","3.9771011575239053","4.0","0.0"
"433.milc","1","1MB","HAP_STATIC","1MB+HAP_STATIC","1","5","1:5","0.998300","579974268","100000000","129.58","0.17242144266993584","110773","27680","4.001914739884393","4.0","0.0"
"433.milc","1","1MB","HAP_STATIC","1MB+HAP_STATIC","1","7","1:7","0.997754","580115836","100000000","141.48","0.17237936597200562","110724","27729","3.993075841177107","4.0","0.0"
"433.milc","1","1MB","HAP_STATIC","1MB+HAP_STATIC","3","5","3:5","0.997648","579980224","100000000","131.02","0.17241967201971356","110937","27516","4.031726995202791","4.0","0.0"
"433.milc","1","1MB","HAP_STATIC","1MB+HAP_STATIC","3","7","3:7","0.997002","579789160","100000000","134.09","0.17247649128176182","110754","27699","3.998483699772555","4.0","0.0"
"433.milc","1","1MB","HAP_STATIC","1MB+HAP_STATIC","5","7","5:7","0.997529","579867854","100000000","119.10","0.17245308445741156","110863","27590","4.01823124320406","4.0","0.0"
"433.milc","1","4MB","HAP_STATIC","4MB+HAP_STATIC","1","3","1:3","0.997507","580414968","100000000","132.44","0.17229052576741957","110781","27672","4.003360797918473","4.0","0.0"
"433.milc","1","4MB","HAP_STATIC","4MB+HAP_STATIC","1","5","1:5","0.998120","579738204","100000000","135.85","0.17249165107635378","110976","27477","4.0388688721476145","4.0","0.0"
"433.milc","1","4MB","HAP_STATIC","4MB+HAP_STATIC","1","7","1:7","0.998025","580274088","100000000","132.28","0.17233235477507658","110528","27925","3.9580304386750225","4.0","0.0"
"433.milc","1","4MB","HAP_STATIC","4MB+HAP_STATIC","3","5","3:5","0.998131","579805944","100000000","108.74","0.17247149849847004","110944","27509","4.033007379403104","4.0","0.0"
"433.milc","1","4MB","HAP_STATIC","4MB+HAP_STATIC","3","7","3:7","0.997321","579571800","100000000","112.62","0.17254117608896774","110911","27542","4.02697698061143","4.0","0.0"
"433.milc","1","4MB","HAP_STATIC","4MB+HAP_STATIC","5","7","5:7","0.997250","580257228","100000000","84.55","0.17233736207763362","110483","27970","3.9500536288880945","4.0","0.0"
"435.gromacs","1","256kB","HAP_STATIC","256kB+HAP_STATIC","1","3","1:3","0.099507","460233514","100000001","158.11","0.21728100618070156","3532","853","4.140679953106682","2.0","0.0"
"435.gromacs","1","256kB","HAP_STATIC","256kB+HAP_STATIC","1","5","1:5","0.091030","458055524","100000001","161.60","0.2183141469984761","3532","853","4.140679953106682","3.0","0.0"
"435.gromacs","1","256kB","HAP_STATIC","256kB+HAP_STATIC","1","7","1:7","0.090921","458020962","100000001","177.15","0.21833062085922608","3532","853","4.140679953106682","3.0","0.0"
"435.gromacs","1","256kB","HAP_STATIC","256kB+HAP_STATIC","3","5","3:5","0.091010","458049480","100000001","167.01","0.21831702767133368","3532","853","4.140679953106682","3.0","0.0"
"435.gromacs","1","256kB","HAP_STATIC","256kB+HAP_STATIC","3","7","3:7","0.090901","458014918","100000001","182.32","0.21833350196685078","3532","853","4.140679953106682","3.0","0.0"
"435.gromacs","1","256kB","HAP_STATIC","256kB+HAP_STATIC","5","7","5:7","0.090963","457896270","100000001","160.91","0.2183900755513907","3532","853","4.140679953106682","3.0","0.0"
"435.gromacs","1","1MB","HAP_STATIC","1MB+HAP_STATIC","1","3","1:3","0.005057","442061354","100000001","149.37","0.22621294554511093","3501","884","3.9604072398190047","3.0","1.0"
"435.gromacs","1","1MB","HAP_STATIC","1MB+HAP_STATIC","1","5","1:5","0.004774","442268614","100000001","164.84","0.22610693554664044","3511","874","4.017162471395881","6.0","5.0"
"435.gromacs","1","1MB","HAP_STATIC","1MB+HAP_STATIC","1","7","1:7","0.004789","442077976","100000001","167.70","0.2262044400058509","3494","891","3.921436588103255","7.0","6.0"
"435.gromacs","1","1MB","HAP_STATIC","1MB+HAP_STATIC","3","5","3:5","0.004794","442369551","100000001","158.34","0.22605534394025234","3501","884","3.9604072398190047","6.0","6.0"
"435.gromacs","1","1MB","HAP_STATIC","1MB+HAP_STATIC","3","7","3:7","0.004754","442368725","100000001","155.51","0.22605576603544927","3493","892","3.9159192825112106","4.0","2.0"
"435.gromacs","1","1MB","HAP_STATIC","1MB+HAP_STATIC","5","7","5:7","0.004768","442392074","100000001","160.58","0.22604383504393435","3511","874","4.017162471395881","5.0","3.0"
"435.gromacs","1","4MB","HAP_STATIC","4MB+HAP_STATIC","1","3","1:3","0.003591","441877747","100000001","155.52","0.22630694050316139","3499","886","3.94920993227991","6.0","4.0"
"435.gromacs","1","4MB","HAP_STATIC","4MB+HAP_STATIC","1","5","1:5","0.003411","442229412","100000001","139.08","0.2261269790893058","3510","875","4.011428571428572","7.0","8.0"
"435.gromacs","1","4MB","HAP_STATIC","4MB+HAP_STATIC","1","7","1:7","0.003426","441696733","100000001","139.43","0.226399684509326","3466","919","3.7714907508161044","6.0","4.0"
"435.gromacs","1","4MB","HAP_STATIC","4MB+HAP_STATIC","3","5","3:5","0.003584","441943550","100000001","154.43","0.22627324462592563","3551","834","4.257793764988009","6.0","3.0"
"435.gromacs","1","4MB","HAP_STATIC","4MB+HAP_STATIC","3","7","3:7","0.003339","442358518","100000001","133.41","0.2260609820561882","3489","896","3.8939732142857144","7.0","5.0"
"435.gromacs","1","4MB","HAP_STATIC","4MB+HAP_STATIC","5","7","5:7","0.003317","443042336","100000001","117.42","0.22571206603605484","3481","904","3.850663716814159","7.0","9.0"
"437.leslie3d","1","256kB","HAP_STATIC","256kB+HAP_STATIC","1","3","1:3","0.519177","781134482","100000000","162.41","0.12801892926805913","25466","6405","3.9759562841530056","4.0","0.0"
"437.leslie3d","1","256kB","HAP_STATIC","256kB+HAP_STATIC","1","5","1:5","0.518905","780882248","100000000","154.12","0.12806028086324225","25466","6405","3.9759562841530056","4.0","0.0"
"437.leslie3d","1","256kB","HAP_STATIC","256kB+HAP_STATIC","1","7","1:7","0.518914","780883826","100000000","151.45","0.12806002208067246","25466","6405","3.9759562841530056","4.0","0.0"
"437.leslie3d","1","256kB","HAP_STATIC","256kB+HAP_STATIC","3","5","3:5","0.518747","780732436","100000000","152.27","0.12808485389993454","25466","6405","3.9759562841530056","4.0","0.0"
"437.leslie3d","1","256kB","HAP_STATIC","256kB+HAP_STATIC","3","7","3:7","0.518756","780734014","100000000","160.87","0.12808459501804156","25466","6405","3.9759562841530056","4.0","0.0"
"437.leslie3d","1","256kB","HAP_STATIC","256kB+HAP_STATIC","5","7","5:7","0.518505","780349196","100000000","162.56","0.12814775809674828","25466","6405","3.9759562841530056","4.0","1.0"
"437.leslie3d","1","1MB","HAP_STATIC","1MB+HAP_STATIC","1","3","1:3","0.481082","772254224","100000000","147.08","0.12949103662008588","25436","6435","3.952758352758353","4.0","0.0"
"437.leslie3d","1","1MB","HAP_STATIC","1MB+HAP_STATIC","1","5","1:5","0.481338","771730194","100000000","174.18","0.12957896526204857","25529","6342","4.025386313465783","4.0","0.0"
"437.leslie3d","1","1MB","HAP_STATIC","1MB+HAP_STATIC","1","7","1:7","0.494028","767456866","100000000","154.29","0.1303004825811279","25596","6275","4.079043824701195","4.0","0.0"
"437.leslie3d","1","1MB","HAP_STATIC","1MB+HAP_STATIC","3","5","3:5","0.484859","770358568","100000000","160.33","0.12980968104193266","25511","6360","4.011163522012579","4.0","0.0"
"437.leslie3d","1","1MB","HAP_STATIC","1MB+HAP_STATIC","3","7","3:7","0.476427","773176564","100000000","153.18","0.1293365638020037","25431","6440","3.9489130434782607","4.0","0.0"
"437.leslie3d","1","1MB","HAP_STATIC","1MB+HAP_STATIC","5","7","5:7","0.496501","768666508","100000000","163.22","0.1300954301497939","25522","6349","4.019845644983462","4.0","0.0"
"437.leslie3d","1","4MB","HAP_STATIC","4MB+HAP_STATIC","1","3","1:3","0.457730","749801878","100000000","146.47","0.13336856432893596","25575","6296","4.06210292249047","4.0","0.0"
"437.leslie3d","1","4MB","HAP_STATIC","4MB+HAP_STATIC","1","5","1:5","0.448891","750128214","100000000","142.56","0.13331054362927883","25509","6362","4.009588179817667","4.0","0.0"
"437.leslie3d","1","4MB","HAP_STATIC","4MB+HAP_STATIC","1","7","1:7","0.463387","748570096","100000000","120.40","0.13358802406661993","25530","6341","4.026178836145719","4.0","0.0"
"437.leslie3d","1","4MB","HAP_STATIC","4MB+HAP_STATIC","3","5","3:5","0.457801","749897906","100000000","122.00","0.133351485848795","25438","6433","3.954298150163221","4.0","0.0"
"437.leslie3d","1","4MB","HAP_STATIC","4MB+HAP_STATIC","3","7","3:7","0.467772","745606350","100000000","118.28","0.13411902943154924","25551","6320","4.042879746835443","4.0","0.0"
"437.leslie3d","1","4MB","HAP_STATIC","4MB+HAP_STATIC","5","7","5:7","0.446339","751345982","100000000","99.38","0.13309447630745433","25468","6403","3.977510541933469","4.0","0.0"
"444.namd","1","256kB","HAP_STATIC","256kB+HAP_STATIC","1","3","1:3","0.144066","350839129","100000001","130.57","0.2850309236744229","2357","577","4.084922010398613","5.0","2.0"
"444.namd","1","256kB","HAP_STATIC","256kB+HAP_STATIC","1","5","1:5","0.144066","350839129","100000001","131.25","0.2850309236744229","2357","577","4.084922010398613","5.0","2.0"
"444.namd","1","256kB","HAP_STATIC","256kB+HAP_STATIC","1","7","1:7","0.144066","350839129","100000001","154.69","0.2850309236744229","2357","577","4.084922010398613","5.0","2.0"
"444.namd","1","256kB","HAP_STATIC","256kB+HAP_STATIC","3","5","3:5","0.144066","350839129","100000001","136.25","0.2850309236744229","2357","577","4.084922010398613","5.0","2.0"
"444.namd","1","256kB","HAP_STATIC","256kB+HAP_STATIC","3","7","3:7","0.144066","350839129","100000001","153.71","0.2850309236744229","2357","577","4.084922010398613","5.0","2.0"
"444.namd","1","256kB","HAP_STATIC","256kB+HAP_STATIC","5","7","5:7","0.144073","350839167","100000001","156.70","0.2850308928022281","2357","577","4.084922010398613","5.0","2.0"
"444.namd","1","1MB","HAP_STATIC","1MB+HAP_STATIC","1","3","1:3","0.530642","348480798","100000001","147.05","0.28695985998057777","2327","607","3.8336079077429983","4.0","2.0"
"444.namd","1","1MB","HAP_STATIC","1MB+HAP_STATIC","1","5","1:5","0.541178","348411585","100000001","154.38","0.28701686541221066","2413","521","4.63147792706334","5.0","2.0"
"444.namd","1","1MB","HAP_STATIC","1MB+HAP_STATIC","1","7","1:7","0.334329","348912146","100000001","150.60","0.2866051014457949","2376","558","4.258064516129032","7.0","6.0"
"444.namd","1","1MB","HAP_STATIC","1MB+HAP_STATIC","3","5","3:5","0.317084","349099578","100000001","148.22","0.2864512228084103","2370","564","4.202127659574468","5.0","3.0"
"444.namd","1","1MB","HAP_STATIC","1MB+HAP_STATIC","3","7","3:7","0.534700","348475516","100000001","138.08","0.28696420956013446","2356","578","4.076124567474048","5.0","2.0"
"444.namd","1","1MB","HAP_STATIC","1MB+HAP_STATIC","5","7","5:7","0.054913","356259085","100000001","137.55","0.2806945989882616","2357","577","4.084922010398613","5.0","3.0"
"444.namd","1","4MB","HAP_STATIC","4MB+HAP_STATIC","1","3","1:3","0.048032","357517495","100000001","139.83","0.2797065944982636","2350","584","4.023972602739726","5.0","3.0"
"444.namd","1","4MB","HAP_STATIC","4MB+HAP_STATIC","1","5","1:5","0.571675","348348447","100000001","151.53","0.28706888709051714","2372","562","4.220640569395018","9.0","9.0"
"444.namd","1","4MB","HAP_STATIC","4MB+HAP_STATIC","1","7","1:7","0.531917","348396685","100000001","131.65","0.28702914036050603","2369","565","4.192920353982301","7.0","4.0"
"444.namd","1","4MB","HAP_STATIC","4MB+HAP_STATIC","3","5","3:5","0.572216","348394497","100000001","133.84","0.2870309429715246","2351","583","4.0325900514579756","4.0","2.0"
"444.namd","1","4MB","HAP_STATIC","4MB+HAP_STATIC","3","7","3:7","0.552800","348433153","100000001","140.43","0.2869990990782671","2369","565","4.192920353982301","5.0","4.0"
"444.namd","1","4MB","HAP_STATIC","4MB+HAP_STATIC","5","7","5:7","0.537847","348421053","100000001","116.60","0.28700906601071546","2335","599","3.8981636060100167","151.0","552.0"
"445.gobmk","1","256kB","HAP_STATIC","256kB+HAP_STATIC","1","3","1:3","0.132124","379600778","100000000","154.77","0.2634346550259178","6166","1526","4.0406290956749675","4.0","1.0"
"445.gobmk","1","256kB","HAP_STATIC","256kB+HAP_STATIC","1","5","1:5","0.131532","379419312","100000000","152.80","0.263560648699927","6166","1526","4.0406290956749675","4.0","1.0"
"445.gobmk","1","256kB","HAP_STATIC","256kB+HAP_STATIC","1","7","1:7","0.131534","379414166","100000000","143.16","0.2635642233769416","6166","1526","4.0406290956749675","4.0","1.0"
"445.gobmk","1","256kB","HAP_STATIC","256kB+HAP_STATIC","3","5","3:5","0.131569","379397572","100000000","152.49","0.2635757510857239","6166","1526","4.0406290956749675","4.0","1.0"
"445.gobmk","1","256kB","HAP_STATIC","256kB+HAP_STATIC","3","7","3:7","0.131571","379392426","100000000","158.73","0.26357932617242075","6166","1526","4.0406290956749675","4.0","1.0"
"445.gobmk","1","256kB","HAP_STATIC","256kB+HAP_STATIC","5","7","5:7","0.134284","379457268","100000000","127.21","0.26353428549957303","6166","1526","4.0406290956749675","5.0","1.0"
"445.gobmk","1","1MB","HAP_STATIC","1MB+HAP_STATIC","1","3","1:3","0.040407","369591652","100000000","154.33","0.27056888178848804","6115","1577","3.8776157260621433","4.0","1.0"
"445.gobmk","1","1MB","HAP_STATIC","1MB+HAP_STATIC","1","5","1:5","0.034080","373958739","100000000","135.36","0.26740918066899355","6171","1521","4.057199211045365","4.0","1.0"
"445.gobmk","1","1MB","HAP_STATIC","1MB+HAP_STATIC","1","7","1:7","0.041401","368766444","100000000","132.56","0.2711743479566704","6170","1522","4.053876478318003","4.0","1.0"
"445.gobmk","1","1MB","HAP_STATIC","1MB+HAP_STATIC","3","5","3:5","0.037643","371254874","100000000","156.04","0.2693567330782033","6150","1542","3.9883268482490273","5.0","1.0"
"445.gobmk","1","1MB","HAP_STATIC","1MB+HAP_STATIC","3","7","3:7","0.040049","370110132","100000000","150.52","0.2701898471668968","6167","1525","4.043934426229508","4.0","1.0"
"445.gobmk","1","1MB","HAP_STATIC","1MB+HAP_STATIC","5","7","5:7","0.043883","368829038","100000000","143.82","0.2711283269404618","6255","1437","4.3528183716075155","6.0","2.0"
"445.gobmk","1","4MB","HAP_STATIC","4MB+HAP_STATIC","1","3","1:3","0.020022","369414799","100000000","135.70","0.2706984134655634","6129","1563","3.9213051823416505","4.0","1.0"
"445.gobmk","1","4MB","HAP_STATIC","4MB+HAP_STATIC","1","5","1:5","0.019187","370525432","100000000","152.98","0.2698870073782142","6169","1523","4.0505581089954035","4.0","1.0"
"445.gobmk","1","4MB","HAP_STATIC","4MB+HAP_STATIC","1","7","1:7","0.021038","368113596","100000000","143.43","0.27165527458540273","6117","1575","3.8838095238095236","4.0","1.0"
"445.gobmk","1","4MB","HAP_STATIC","4MB+HAP_STATIC","3","5","3:5","0.022637","366515552","100000000","114.46","0.2728397184084565","6134","1558","3.9370988446726574","4.0","1.0"
"445.gobmk","1","4MB","HAP_STATIC","4MB+HAP_STATIC","3","7","3:7","0.022625","366493826","100000000","130.40","0.2728558925300968","6156","1536","4.0078125","4.0","1.0"
"445.gobmk","1","4MB","HAP_STATIC","4MB+HAP_STATIC","5","7","5:7","0.020334","369005354","100000000","104.78","0.27099877797437055","6225","1467","4.2433537832310835","5.0","2.0"
"450.soplex","1","256kB","HAP_STATIC","256kB+HAP_STATIC","1","3","1:3","0.719034","328000188","100000001","122.88","0.3048778770821924","5760","1432","4.022346368715084","4.0","1.0"
"450.soplex","1","256kB","HAP_STATIC","256kB+HAP_STATIC","1","5","1:5","0.719117","327995096","100000001","142.77","0.3048826101960988","5760","1432","4.022346368715084","4.0","1.0"
"450.soplex","1","256kB","HAP_STATIC","256kB+HAP_STATIC","1","7","1:7","0.719123","327995134","100000001","132.74","0.30488257487380893","5760","1432","4.022346368715084","4.0","1.0"
"450.soplex","1","256kB","HAP_STATIC","256kB+HAP_STATIC","3","5","3:5","0.719110","327993922","100000001","152.68","0.30488370147298033","5760","1432","4.022346368715084","4.0","1.0"
"450.soplex","1","256kB","HAP_STATIC","256kB+HAP_STATIC","3","7","3:7","0.719117","327993960","100000001","129.23","0.30488366615043766","5760","1432","4.022346368715084","4.0","1.0"
"450.soplex","1","256kB","HAP_STATIC","256kB+HAP_STATIC","5","7","5:7","0.718457","327967170","100000001","132.84","0.30490857057430476","5760","1432","4.022346368715084","4.0","1.0"
"450.soplex","1","1MB","HAP_STATIC","1MB+HAP_STATIC","1","3","1:3","0.495751","326517864","100000001","141.79","0.3062619599888109","5765","1427","4.039943938332166","4.0","1.0"
"450.soplex","1","1MB","HAP_STATIC","1MB+HAP_STATIC","1","5","1:5","0.355958","328271004","100000001","139.92","0.3046263598718576","5748","1444","3.9806094182825484","4.0","1.0"
"450.soplex","1","1MB","HAP_STATIC","1MB+HAP_STATIC","1","7","1:7","0.540060","326060714","100000001","129.55","0.3066913513536623","5754","1438","4.001390820584144","5.0","1.0"
"450.soplex","1","1MB","HAP_STATIC","1MB+HAP_STATIC","3","5","3:5","0.441078","327200614","100000001","140.51","0.30562290142890747","5729","1463","3.915926179084074","4.0","1.0"
"450.soplex","1","1MB","HAP_STATIC","1MB+HAP_STATIC","3","7","3:7","0.607798","325681346","100000001","138.84","0.3070485989701111","5784","1408","4.107954545454546","4.0","1.0"
"450.soplex","1","1MB","HAP_STATIC","1MB+HAP_STATIC","5","7","5:7","0.542435","326202912","100000001","123.99","0.3065576588108447","5683","1509","3.7660702451954937","4.0","2.0"
"450.soplex","1","4MB","HAP_STATIC","4MB+HAP_STATIC","1","3","1:3","0.409095","324168420","100000001","116.74","0.30848162507624893","5721","1471","3.8891910265125764","5.0","2.0"
"450.soplex","1","4MB","HAP_STATIC","4MB+HAP_STATIC","1","5","1:5","0.367367","324598452","100000001","139.06","0.30807294484571357","5716","1476","3.872628726287263","4.0","2.0"
"450.soplex","1","4MB","HAP_STATIC","4MB+HAP_STATIC","1","7","1:7","0.471922","323533322","100000001","106.55","0.3090871764980054","5751","1441","3.9909784871616933","4.0","2.0"
"450.soplex","1","4MB","HAP_STATIC","4MB+HAP_STATIC","3","5","3:5","0.320593","325370710","100000001","113.21","0.3073417425926261","5676","1516","3.7440633245382586","3.0","1.0"
"450.soplex","1","4MB","HAP_STATIC","4MB+HAP_STATIC","3","7","3:7","0.414424","324102550","100000001","108.83","0.30854432030849493","5674","1518","3.737812911725955","5.0","2.0"
"450.soplex","1","4MB","HAP_STATIC","4MB+HAP_STATIC","5","7","5:7","0.406349","323914648","100000001","98.76","0.3087233060235053","5709","1483","3.849629130141605","6.0","2.0"
"453.povray","1","256kB","HAP_STATIC","256kB+HAP_STATIC","1","3","1:3","0.000856","401945353","100000000","137.42","0.2487900388787428","1163","264","4.40530303030303","1.0","2.0"
"453.povray","1","256kB","HAP_STATIC","256kB+HAP_STATIC","1","5","1:5","0.000859","401945181","100000000","151.12","0.2487901453407399","1163","264","4.40530303030303","2.0","2.0"
"453.povray","1","256kB","HAP_STATIC","256kB+HAP_STATIC","1","7","1:7","0.000859","401945181","100000000","154.06","0.2487901453407399","1163","264","4.40530303030303","2.0","2.0"
"453.povray","1","256kB","HAP_STATIC","256kB+HAP_STATIC","3","5","3:5","0.000921","401951377","100000000","164.48","0.24878631029046083","1163","264","4.40530303030303","3.0","4.0"
"453.povray","1","256kB","HAP_STATIC","256kB+HAP_STATIC","3","7","3:7","0.000921","401951377","100000000","154.30","0.24878631029046083","1163","264","4.40530303030303","3.0","4.0"
"453.povray","1","256kB","HAP_STATIC","256kB+HAP_STATIC","5","7","5:7","0.001271","401995204","100000000","151.07","0.24875918668920238","1163","264","4.40530303030303","68.0","nan"
"453.povray","1","1MB","HAP_STATIC","1MB+HAP_STATIC","1","3","1:3","0.000001","398710838","100000000","141.81","0.25080833142539255","1135","292","3.886986301369863","0.0","0.0"
"453.povray","1","1MB","HAP_STATIC","1MB+HAP_STATIC","1","5","1:5","0.000001","402276548","100000000","161.95","0.24858520959566352","1146","281","4.07829181494662","0.0","0.0"
"453.povray","1","1MB","HAP_STATIC","1MB+HAP_STATIC","1","7","1:7","0.000001","402384266","100000000","153.79","0.24851866350062504","1147","280","4.0964285714285715","0.0","0.0"
"453.povray","1","1MB","HAP_STATIC","1MB+HAP_STATIC","3","5","3:5","0.000001","399939674","100000000","153.62","0.25003770943714876","1143","284","4.024647887323944","0.0","nan"
"453.povray","1","1MB","HAP_STATIC","1MB+HAP_STATIC","3","7","3:7","0.000001","401764534","100000000","159.62","0.2489020098523679","1156","271","4.265682656826568","0.0","0.0"
"453.povray","1","1MB","HAP_STATIC","1MB+HAP_STATIC","5","7","5:7","0.000001","403091344","100000000","150.38","0.248082727373079","1150","277","4.1516245487364625","0.0","0.0"
"453.povray","1","4MB","HAP_STATIC","4MB+HAP_STATIC","1","3","1:3","0.000001","400296687","100000000","156.32","0.24981470805927505","1174","253","4.640316205533597","0.0","nan"
"453.povray","1","4MB","HAP_STATIC","4MB+HAP_STATIC","1","5","1:5","0.000001","400530451","100000000","149.24","0.24966890719627208","1130","297","3.8047138047138045","0.0","0.0"
"453.povray","1","4MB","HAP_STATIC","4MB+HAP_STATIC","1","7","1:7","0.000001","399007162","100000000","117.20","0.2506220677813297","1136","291","3.9037800687285222","0.0","0.0"
"453.povray","1","4MB","HAP_STATIC","4MB+HAP_STATIC","3","5","3:5","0.000001","405907493","100000000","137.25","0.24636155213818633","1123","304","3.6940789473684212","0.0","nan"
"453.povray","1","4MB","HAP_STATIC","4MB+HAP_STATIC","3","7","3:7","0.000002","397732984","100000000","116.63","0.2514249610235997","1140","287","3.9721254355400695","0.0","nan"
"453.povray","1","4MB","HAP_STATIC","4MB+HAP_STATIC","5","7","5:7","0.000001","398105130","100000000","124.20","0.2511899306597732","1158","269","4.304832713754647","0.0","0.0"
"456.hmmer","1","256kB","HAP_STATIC","256kB+HAP_STATIC","1","3","1:3","0.230404","471615935","100000000","154.99","0.2120369406093117","740","158","4.6835443037974684","5.0","0.0"
"456.hmmer","1","256kB","HAP_STATIC","256kB+HAP_STATIC","1","5","1:5","0.230409","471616517","100000000","147.69","0.21203667894438905","740","158","4.6835443037974684","5.0","0.0"
"456.hmmer","1","256kB","HAP_STATIC","256kB+HAP_STATIC","1","7","1:7","0.230409","471616517","100000000","155.53","0.21203667894438905","740","158","4.6835443037974684","5.0","0.0"
"456.hmmer","1","256kB","HAP_STATIC","256kB+HAP_STATIC","3","5","3:5","0.230393","471610263","100000000","148.73","0.21203949075213405","740","158","4.6835443037974684","5.0","0.0"
"456.hmmer","1","256kB","HAP_STATIC","256kB+HAP_STATIC","3","7","3:7","0.230393","471610263","100000000","160.87","0.21203949075213405","740","158","4.6835443037974684","5.0","0.0"
"456.hmmer","1","256kB","HAP_STATIC","256kB+HAP_STATIC","5","7","5:7","0.228162","471127087","100000000","138.89","0.21225695307983852","740","158","4.6835443037974684","5.0","1.0"
"456.hmmer","1","1MB","HAP_STATIC","1MB+HAP_STATIC","1","3","1:3","0.041285","441938109","100000000","149.94","0.2262760281666499","699","199","3.512562814070352","1.0","1.0"
"456.hmmer","1","1MB","HAP_STATIC","1MB+HAP_STATIC","1","5","1:5","0.049706","438537381","100000000","159.35","0.2280307320027526","720","178","4.044943820224719","5.0","4.0"
"456.hmmer","1","1MB","HAP_STATIC","1MB+HAP_STATIC","1","7","1:7","0.017369","480843107","100000000","150.91","0.20796804309809935","706","192","3.6770833333333335","7.0","13.0"
"456.hmmer","1","1MB","HAP_STATIC","1MB+HAP_STATIC","3","5","3:5","0.037642","442913267","100000000","150.37","0.2257778383504597","717","181","3.9613259668508287","3.0","2.0"
"456.hmmer","1","1MB","HAP_STATIC","1MB+HAP_STATIC","3","7","3:7","0.037642","442913267","100000000","161.97","0.2257778383504597","717","181","3.9613259668508287","3.0","2.0"
"456.hmmer","1","1MB","HAP_STATIC","1MB+HAP_STATIC","5","7","5:7","0.038943","445031711","100000000","158.37","0.2247030886300145","711","187","3.802139037433155","289.0","161.0"
"456.hmmer","1","4MB","HAP_STATIC","4MB+HAP_STATIC","1","3","1:3","","431961351","100000000","135.17","0.2315021928894745","729","169","4.313609467455621","0.0","0.0"
"456.hmmer","1","4MB","HAP_STATIC","4MB+HAP_STATIC","1","5","1:5","","435910382","100000000","130.15","0.2294049514058144","726","172","4.22093023255814","0.0","0.0"
"456.hmmer","1","4MB","HAP_STATIC","4MB+HAP_STATIC","1","7","1:7","","425838831","100000000","120.48","0.2348306277404749","704","194","3.6288659793814433","0.0","0.0"
"456.hmmer","1","4MB","HAP_STATIC","4MB+HAP_STATIC","3","5","3:5","","435102015","100000000","104.59","0.22983115810208327","733","165","4.442424242424242","0.0","0.0"
"456.hmmer","1","4MB","HAP_STATIC","4MB+HAP_STATIC","3","7","3:7","","453035510","100000000","96.15","0.22073324892346738","702","196","3.5816326530612246","0.0","0.0"
"456.hmmer","1","4MB","HAP_STATIC","4MB+HAP_STATIC","5","7","5:7","","448148366","100000000","96.51","0.22314038739572242","712","186","3.827956989247312","0.0","0.0"
"458.sjeng","1","256kB","HAP_STATIC","256kB+HAP_STATIC","1","3","1:3","0.078597","354052942","100000000","141.65","0.28244363522334465","35920","9027","3.979173590340091","4.0","0.0"
"458.sjeng","1","256kB","HAP_STATIC","256kB+HAP_STATIC","1","5","1:5","0.078511","354042802","100000000","109.20","0.2824517245798998","35920","9027","3.979173590340091","4.0","0.0"
"458.sjeng","1","256kB","HAP_STATIC","256kB+HAP_STATIC","1","7","1:7","0.078502","354042110","100000000","135.63","0.28245227665149775","35920","9027","3.979173590340091","4.0","0.0"
"458.sjeng","1","256kB","HAP_STATIC","256kB+HAP_STATIC","3","5","3:5","0.078532","354042164","100000000","144.49","0.2824522335706885","35920","9027","3.979173590340091","4.0","0.0"
"458.sjeng","1","256kB","HAP_STATIC","256kB+HAP_STATIC","3","7","3:7","0.078523","354041472","100000000","147.77","0.28245278564427617","35920","9027","3.979173590340091","4.0","0.0"
"458.sjeng","1","256kB","HAP_STATIC","256kB+HAP_STATIC","5","7","5:7","0.078990","354057174","100000000","134.14","0.28244025921079063","35920","9027","3.979173590340091","4.0","0.0"
"458.sjeng","1","1MB","HAP_STATIC","1MB+HAP_STATIC","1","3","1:3","0.091453","351455420","100000000","145.59","0.28453110781447044","36042","8905","4.047389107243122","4.0","0.0"
"458.sjeng","1","1MB","HAP_STATIC","1MB+HAP_STATIC","1","5","1:5","0.088608","351745626","100000000","131.97","0.2842963568223589","35970","8977","4.006906538932828","4.0","0.0"
"458.sjeng","1","1MB","HAP_STATIC","1MB+HAP_STATIC","1","7","1:7","0.092186","351365816","100000000","131.52","0.28460366787644475","35990","8957","4.018086412861449","4.0","0.0"
"458.sjeng","1","1MB","HAP_STATIC","1MB+HAP_STATIC","3","5","3:5","0.103151","350411138","100000000","142.74","0.28537905664402713","35876","9071","3.955021497078602","4.0","0.0"
"458.sjeng","1","1MB","HAP_STATIC","1MB+HAP_STATIC","3","7","3:7","0.081470","352566706","100000000","139.31","0.28363426919840806","36079","8868","4.068448353631033","4.0","0.0"
"458.sjeng","1","1MB","HAP_STATIC","1MB+HAP_STATIC","5","7","5:7","0.093044","351294822","100000000","131.68","0.28466118410364727","35945","9002","3.993001555209953","4.0","0.0"
"458.sjeng","1","4MB","HAP_STATIC","4MB+HAP_STATIC","1","3","1:3","0.076544","352280838","100000000","133.43","0.28386443204725204","36007","8940","4.0276286353467565","4.0","0.0"
"458.sjeng","1","4MB","HAP_STATIC","4MB+HAP_STATIC","1","5","1:5","0.084093","351347602","100000000","140.61","0.2846184218442453","35855","9092","3.9435767707875056","4.0","0.0"
"458.sjeng","1","4MB","HAP_STATIC","4MB+HAP_STATIC","1","7","1:7","0.098608","349996996","100000000","135.38","0.2857167379802311","35897","9050","3.9665193370165746","4.0","0.0"
"458.sjeng","1","4MB","HAP_STATIC","4MB+HAP_STATIC","3","5","3:5","0.083331","351440774","100000000","109.31","0.2845429654101547","36008","8939","4.028191072826938","4.0","0.0"
"458.sjeng","1","4MB","HAP_STATIC","4MB+HAP_STATIC","3","7","3:7","0.074605","352531392","100000000","100.74","0.28366268159177155","35940","9007","3.990229821250139","4.0","0.0"
"458.sjeng","1","4MB","HAP_STATIC","4MB+HAP_STATIC","5","7","5:7","0.058772","355354947","100000000","112.95","0.28140877408412723","35981","8966","4.013049297345527","4.0","0.0"
"459.GemsFDTD","1","256kB","HAP_STATIC","256kB+HAP_STATIC","1","3","1:3","0.000520","341946289","100000001","146.10","0.2924435919232918","449","119","3.773109243697479","9.0","5.0"
"459.GemsFDTD","1","256kB","HAP_STATIC","256kB+HAP_STATIC","1","5","1:5","0.000520","341946289","100000001","136.58","0.2924435919232918","449","119","3.773109243697479","9.0","5.0"
"459.GemsFDTD","1","256kB","HAP_STATIC","256kB+HAP_STATIC","1","7","1:7","0.000520","341946289","100000001","145.01","0.2924435919232918","449","119","3.773109243697479","9.0","5.0"
"459.GemsFDTD","1","256kB","HAP_STATIC","256kB+HAP_STATIC","3","5","3:5","0.000530","341946485","100000001","164.38","0.2924434242978108","449","119","3.773109243697479","9.0","5.0"
"459.GemsFDTD","1","256kB","HAP_STATIC","256kB+HAP_STATIC","3","7","3:7","0.000530","341946485","100000001","133.76","0.2924434242978108","449","119","3.773109243697479","9.0","5.0"
"459.GemsFDTD","1","256kB","HAP_STATIC","256kB+HAP_STATIC","5","7","5:7","0.000780","341951814","100000001","143.01","0.29243886683987586","449","119","3.773109243697479","16.0","4.0"
"459.GemsFDTD","1","1MB","HAP_STATIC","1MB+HAP_STATIC","1","3","1:3","","341959629","100000001","138.36","0.29243218356632383","448","120","3.7333333333333334","0.0","0.0"
"459.GemsFDTD","1","1MB","HAP_STATIC","1MB+HAP_STATIC","1","5","1:5","","342781857","100000001","154.83","0.2917307289107778","456","112","4.071428571428571","0.0","0.0"
"459.GemsFDTD","1","1MB","HAP_STATIC","1MB+HAP_STATIC","1","7","1:7","","340397962","100000001","140.27","0.293773794685645","459","109","4.2110091743119265","0.0","0.0"
"459.GemsFDTD","1","1MB","HAP_STATIC","1MB+HAP_STATIC","3","5","3:5","","342739776","100000001","138.24","0.29176654710773925","441","127","3.47244094488189","0.0","0.0"
"459.GemsFDTD","1","1MB","HAP_STATIC","1MB+HAP_STATIC","3","7","3:7","","342605331","100000001","131.73","0.29188104197946646","465","103","4.514563106796117","0.0","0.0"
"459.GemsFDTD","1","1MB","HAP_STATIC","1MB+HAP_STATIC","5","7","5:7","","343209040","100000001","145.67","0.29136761957085977","451","117","3.8547008547008548","0.0","0.0"
"459.GemsFDTD","1","4MB","HAP_STATIC","4MB+HAP_STATIC","1","3","1:3","","342002406","100000001","137.49","0.2923956067139481","446","122","3.6557377049180326","0.0","0.0"
"459.GemsFDTD","1","4MB","HAP_STATIC","4MB+HAP_STATIC","1","5","1:5","","342911695","100000001","132.56","0.29162026976070327","461","107","4.308411214953271","0.0","0.0"
"459.GemsFDTD","1","4MB","HAP_STATIC","4MB+HAP_STATIC","1","7","1:7","","342825148","100000001","137.47","0.29169388997098894","451","117","3.8547008547008548","0.0","0.0"
"459.GemsFDTD","1","4MB","HAP_STATIC","4MB+HAP_STATIC","3","5","3:5","","344043495","100000001","105.92","0.2906609264622195","452","116","3.896551724137931","0.0","0.0"
"459.GemsFDTD","1","4MB","HAP_STATIC","4MB+HAP_STATIC","3","7","3:7","","342156645","100000001","127.05","0.29226379923148943","451","117","3.8547008547008548","0.0","0.0"
"459.GemsFDTD","1","4MB","HAP_STATIC","4MB+HAP_STATIC","5","7","5:7","","344593396","100000001","106.42","0.2901970907184768","445","123","3.6178861788617884","0.0","0.0"
"462.libquantum","1","256kB","HAP_STATIC","256kB+HAP_STATIC","1","3","1:3","0.996018","428467723","100000001","126.94","0.23338981125539765","7048","1768","3.986425339366516","4.0","0.0"
"462.libquantum","1","256kB","HAP_STATIC","256kB+HAP_STATIC","1","5","1:5","0.996017","428467505","100000001","118.90","0.23338993000180958","7048","1768","3.986425339366516","4.0","0.0"
"462.libquantum","1","256kB","HAP_STATIC","256kB+HAP_STATIC","1","7","1:7","0.996017","428467505","100000001","146.32","0.23338993000180958","7048","1768","3.986425339366516","4.0","0.0"
"462.libquantum","1","256kB","HAP_STATIC","256kB+HAP_STATIC","3","5","3:5","0.996017","428467505","100000001","121.55","0.23338993000180958","7048","1768","3.986425339366516","4.0","0.0"
"462.libquantum","1","256kB","HAP_STATIC","256kB+HAP_STATIC","3","7","3:7","0.996017","428467505","100000001","110.70","0.23338993000180958","7048","1768","3.986425339366516","4.0","0.0"
"462.libquantum","1","256kB","HAP_STATIC","256kB+HAP_STATIC","5","7","5:7","0.997391","428587655","100000001","131.18","0.23332450161216145","7048","1768","3.986425339366516","4.0","0.0"
"462.libquantum","1","1MB","HAP_STATIC","1MB+HAP_STATIC","1","3","1:3","0.957123","424802879","100000001","126.77","0.2354033033754463","7022","1794","3.9141583054626534","4.0","0.0"
"462.libquantum","1","1MB","HAP_STATIC","1MB+HAP_STATIC","1","5","1:5","0.957520","425224291","100000001","129.29","0.23517001054862127","6955","1861","3.737238044062332","4.0","0.0"
"462.libquantum","1","1MB","HAP_STATIC","1MB+HAP_STATIC","1","7","1:7","0.959152","425018307","100000001","130.69","0.2352839850731418","7065","1751","4.03483723586522","4.0","0.0"
"462.libquantum","1","1MB","HAP_STATIC","1MB+HAP_STATIC","3","5","3:5","0.957218","424504361","100000001","140.18","0.2355688426013602","7087","1729","4.0989010989010985","4.0","0.0"
"462.libquantum","1","1MB","HAP_STATIC","1MB+HAP_STATIC","3","7","3:7","0.958140","424567997","100000001","124.38","0.23553353457302623","7077","1739","4.069580218516388","4.0","0.0"
"462.libquantum","1","1MB","HAP_STATIC","1MB+HAP_STATIC","5","7","5:7","0.960823","424930881","100000001","142.70","0.23533239279919502","7062","1754","4.0262257696693275","4.0","1.0"
"462.libquantum","1","4MB","HAP_STATIC","4MB+HAP_STATIC","1","3","1:3","0.909466","419869417","100000001","139.59","0.2381692901438449","7060","1756","4.020501138952164","4.0","0.0"
"462.libquantum","1","4MB","HAP_STATIC","4MB+HAP_STATIC","1","5","1:5","0.909494","419592747","100000001","137.31","0.23832633360557112","7107","1709","4.158572264482153","4.0","0.0"
"462.libquantum","1","4MB","HAP_STATIC","4MB+HAP_STATIC","1","7","1:7","0.910025","419900133","100000001","118.82","0.23815186788711973","7094","1722","4.119628339140534","4.0","0.0"
"462.libquantum","1","4MB","HAP_STATIC","4MB+HAP_STATIC","3","5","3:5","0.909817","420132029","100000001","131.65","0.23802041762447967","7027","1789","3.927892677473449","4.0","0.0"
"462.libquantum","1","4MB","HAP_STATIC","4MB+HAP_STATIC","3","7","3:7","0.910365","420301543","100000001","112.87","0.23792442037263709","7008","1808","3.8761061946902653","4.0","0.0"
"462.libquantum","1","4MB","HAP_STATIC","4MB+HAP_STATIC","5","7","5:7","0.910106","420076299","100000001","118.20","0.23805199493056856","7001","1815","3.8573002754820935","4.0","1.0"
"464.h264ref","1","256kB","HAP_STATIC","256kB+HAP_STATIC","1","3","1:3","0.230911","368998826","100000001","141.29","0.2710035749544634","3279","770","4.258441558441558","4.0","0.0"
"464.h264ref","1","256kB","HAP_STATIC","256kB+HAP_STATIC","1","5","1:5","0.232503","368967822","100000001","144.36","0.2710263471159824","3279","770","4.258441558441558","4.0","0.0"
"464.h264ref","1","256kB","HAP_STATIC","256kB+HAP_STATIC","1","7","1:7","0.232512","368964696","100000001","151.68","0.2710286433474925","3279","770","4.258441558441558","4.0","0.0"
"464.h264ref","1","256kB","HAP_STATIC","256kB+HAP_STATIC","3","5","3:5","0.232378","368940472","100000001","149.56","0.271046438624386","3279","770","4.258441558441558","4.0","0.0"
"464.h264ref","1","256kB","HAP_STATIC","256kB+HAP_STATIC","3","7","3:7","0.232386","368937346","100000001","151.38","0.271048735196355","3279","770","4.258441558441558","4.0","0.0"
"464.h264ref","1","256kB","HAP_STATIC","256kB+HAP_STATIC","5","7","5:7","0.233784","368697084","100000001","137.23","0.2712253645054594","3279","770","4.258441558441558","6.0","1.0"
"464.h264ref","1","1MB","HAP_STATIC","1MB+HAP_STATIC","1","3","1:3","0.007080","360129770","100000001","131.76","0.2776776854632151","3216","833","3.8607442977190876","4.0","3.0"
"464.h264ref","1","1MB","HAP_STATIC","1MB+HAP_STATIC","1","5","1:5","0.006500","360840938","100000001","141.26","0.2771304208282487","3199","850","3.763529411764706","5.0","2.0"
"464.h264ref","1","1MB","HAP_STATIC","1MB+HAP_STATIC","1","7","1:7","0.006755","360435725","100000001","103.80","0.27744197942642895","3247","802","4.048628428927681","7.0","3.0"
"464.h264ref","1","1MB","HAP_STATIC","1MB+HAP_STATIC","3","5","3:5","0.007036","360103356","100000001","143.66","0.2776980534444117","3216","833","3.8607442977190876","4.0","2.0"
"464.h264ref","1","1MB","HAP_STATIC","1MB+HAP_STATIC","3","7","3:7","0.006821","360356777","100000001","150.12","0.27750276221390446","3256","793","4.105926860025221","7.0","9.0"
"464.h264ref","1","1MB","HAP_STATIC","1MB+HAP_STATIC","5","7","5:7","0.005937","361382345","100000001","125.95","0.27671523632401024","3255","794","4.099496221662468","9.0","10.0"
"464.h264ref","1","4MB","HAP_STATIC","4MB+HAP_STATIC","1","3","1:3","0.000056","360589407","100000001","137.22","0.27732373458214205","3234","815","3.9680981595092026","1.0","0.0"
"464.h264ref","1","4MB","HAP_STATIC","4MB+HAP_STATIC","1","5","1:5","0.000060","360003601","100000001","110.58","0.277775002033938","3221","828","3.890096618357488","0.0","0.0"
"464.h264ref","1","4MB","HAP_STATIC","4MB+HAP_STATIC","1","7","1:7","0.000060","359972048","100000001","104.94","0.27779935013176354","3271","778","4.204370179948586","0.0","0.0"
"464.h264ref","1","4MB","HAP_STATIC","4MB+HAP_STATIC","3","5","3:5","0.000064","359402194","100000001","107.60","0.2782398178682237","3179","870","3.654022988505747","0.0","0.0"
"464.h264ref","1","4MB","HAP_STATIC","4MB+HAP_STATIC","3","7","3:7","0.000065","359272259","100000001","96.70","0.27834044654140694","3211","838","3.831742243436754","1.0","0.0"
"464.h264ref","1","4MB","HAP_STATIC","4MB+HAP_STATIC","5","7","5:7","0.000057","360438366","100000001","101.31","0.2774399465566327","3268","781","4.184379001280409","0.0","0.0"
"470.lbm","1","256kB","HAP_STATIC","256kB+HAP_STATIC","1","3","1:3","0.605633","807699127","100000000","149.08","0.12380847850043547","83801","21136","3.964846707040121","4.0","0.0"
"470.lbm","1","256kB","HAP_STATIC","256kB+HAP_STATIC","1","5","1:5","0.605322","807454529","100000000","146.43","0.12384598315876187","83801","21136","3.964846707040121","4.0","0.0"
"470.lbm","1","256kB","HAP_STATIC","256kB+HAP_STATIC","1","7","1:7","0.605322","807454533","100000000","147.54","0.12384598254524877","83801","21136","3.964846707040121","4.0","0.0"
"470.lbm","1","256kB","HAP_STATIC","256kB+HAP_STATIC","3","5","3:5","0.605323","807455233","100000000","167.36","0.1238458751805501","83801","21136","3.964846707040121","4.0","0.0"
"470.lbm","1","256kB","HAP_STATIC","256kB+HAP_STATIC","3","7","3:7","0.605323","807455237","100000000","166.75","0.12384587456703808","83801","21136","3.964846707040121","4.0","0.0"
"470.lbm","1","256kB","HAP_STATIC","256kB+HAP_STATIC","5","7","5:7","0.605346","807466365","100000000","105.40","0.12384416780010397","83801","21136","3.964846707040121","4.0","0.0"
"470.lbm","1","1MB","HAP_STATIC","1MB+HAP_STATIC","1","3","1:3","0.605197","806686875","100000000","140.85","0.12396383664975336","83901","21036","3.9884483742156305","4.0","0.0"
"470.lbm","1","1MB","HAP_STATIC","1MB+HAP_STATIC","1","5","1:5","0.605184","806429581","100000000","149.64","0.12400338771799096","83969","20968","4.004626096909576","4.0","0.0"
"470.lbm","1","1MB","HAP_STATIC","1MB+HAP_STATIC","1","7","1:7","0.605204","806057779","100000000","153.71","0.12406058548812789","84120","20817","4.040928087620695","4.0","0.0"
"470.lbm","1","1MB","HAP_STATIC","1MB+HAP_STATIC","3","5","3:5","0.605153","805775889","100000000","141.04","0.12410398643735045","83776","21161","3.958981144558386","4.0","0.0"
"470.lbm","1","1MB","HAP_STATIC","1MB+HAP_STATIC","3","7","3:7","0.605128","806050013","100000000","137.70","0.12406178076694603","83920","21017","3.9929580815530286","4.0","0.0"
"470.lbm","1","1MB","HAP_STATIC","1MB+HAP_STATIC","5","7","5:7","0.605048","806392427","100000000","135.20","0.1240091010924139","83970","20967","4.004864787523251","4.0","0.0"
"470.lbm","1","4MB","HAP_STATIC","4MB+HAP_STATIC","1","3","1:3","0.605173","806231527","100000000","105.39","0.12403384964626916","84129","20808","4.043108419838523","4.0","0.0"
"470.lbm","1","4MB","HAP_STATIC","4MB+HAP_STATIC","1","5","1:5","0.605121","807828001","100000000","101.53","0.12378872715010036","83697","21240","3.940536723163842","4.0","0.0"
"470.lbm","1","4MB","HAP_STATIC","4MB+HAP_STATIC","1","7","1:7","0.605155","805453549","100000000","117.16","0.12415365246593507","84039","20898","4.021389606660924","4.0","0.0"
"470.lbm","1","4MB","HAP_STATIC","4MB+HAP_STATIC","3","5","3:5","0.605150","805015065","100000000","92.98","0.12422127777198803","84068","20869","4.028367434951363","4.0","0.0"
"470.lbm","1","4MB","HAP_STATIC","4MB+HAP_STATIC","3","7","3:7","0.605215","806197903","100000000","107.15","0.1240390227112759","83873","21064","3.98181731864793","4.0","0.0"
"470.lbm","1","4MB","HAP_STATIC","4MB+HAP_STATIC","5","7","5:7","0.602404","803366223","100000000","90.75","0.12447623155797029","84071","20866","4.029090386274322","4.0","0.0"
"471.omnetpp","1","256kB","HAP_STATIC","256kB+HAP_STATIC","1","3","1:3","0.813688","376636848","100000000","131.45","0.2655077444785753","4542","1155","3.9324675324675327","4.0","1.0"
"471.omnetpp","1","256kB","HAP_STATIC","256kB+HAP_STATIC","1","5","1:5","0.814941","376715938","100000000","134.07","0.26545200219269727","4542","1155","3.9324675324675327","4.0","1.0"
"471.omnetpp","1","256kB","HAP_STATIC","256kB+HAP_STATIC","1","7","1:7","0.814974","376717276","100000000","102.62","0.2654510593774839","4542","1155","3.9324675324675327","4.0","1.0"
"471.omnetpp","1","256kB","HAP_STATIC","256kB+HAP_STATIC","3","5","3:5","0.812605","376412882","100000000","142.34","0.2656657218229848","4542","1155","3.9324675324675327","4.0","1.0"
"471.omnetpp","1","256kB","HAP_STATIC","256kB+HAP_STATIC","3","7","3:7","0.812638","376414220","100000000","130.50","0.26566477748901196","4542","1155","3.9324675324675327","4.0","1.0"
"471.omnetpp","1","256kB","HAP_STATIC","256kB+HAP_STATIC","5","7","5:7","0.788041","373262280","100000000","122.61","0.2679081315154588","4542","1155","3.9324675324675327","5.0","1.0"
"471.omnetpp","1","1MB","HAP_STATIC","1MB+HAP_STATIC","1","3","1:3","0.042255","311219715","100000000","127.29","0.32131640503558717","4523","1174","3.852640545144804","3.0","1.0"
"471.omnetpp","1","1MB","HAP_STATIC","1MB+HAP_STATIC","1","5","1:5","0.033151","310260192","100000000","126.23","0.3223101209194121","4592","1105","4.155656108597285","4.0","1.0"
"471.omnetpp","1","1MB","HAP_STATIC","1MB+HAP_STATIC","1","7","1:7","0.036317","309225100","100000000","140.55","0.323389013375693","4569","1128","4.050531914893617","5.0","1.0"
"471.omnetpp","1","1MB","HAP_STATIC","1MB+HAP_STATIC","3","5","3:5","0.034088","310003187","100000000","121.47","0.32257732885823526","4569","1128","4.050531914893617","6.0","2.0"
"471.omnetpp","1","1MB","HAP_STATIC","1MB+HAP_STATIC","3","7","3:7","0.038782","310293536","100000000","138.89","0.32227548562274916","4553","1144","3.979895104895105","4.0","1.0"
"471.omnetpp","1","1MB","HAP_STATIC","1MB+HAP_STATIC","5","7","5:7","0.047163","310190612","100000000","109.30","0.3223824194911482","4552","1145","3.975545851528384","5.0","3.0"
"471.omnetpp","1","4MB","HAP_STATIC","4MB+HAP_STATIC","1","3","1:3","0.032568","310302067","100000000","118.69","0.32226662544274964","4581","1116","4.104838709677419","4.0","1.0"
"471.omnetpp","1","4MB","HAP_STATIC","4MB+HAP_STATIC","1","5","1:5","0.033109","309897454","100000000","125.87","0.32268738806740893","4565","1132","4.032685512367491","4.0","1.0"
"471.omnetpp","1","4MB","HAP_STATIC","4MB+HAP_STATIC","1","7","1:7","0.033823","309511588","100000000","103.79","0.32308968024809465","4556","1141","3.992988606485539","4.0","1.0"
"471.omnetpp","1","4MB","HAP_STATIC","4MB+HAP_STATIC","3","5","3:5","0.032385","310373059","100000000","103.09","0.3221929130131105","4588","1109","4.137060414788097","5.0","2.0"
"471.omnetpp","1","4MB","HAP_STATIC","4MB+HAP_STATIC","3","7","3:7","0.033695","309641132","100000000","108.48","0.32295450980330354","4557","1140","3.9973684210526317","4.0","1.0"
"471.omnetpp","1","4MB","HAP_STATIC","4MB+HAP_STATIC","5","7","5:7","0.034301","309208633","100000000","87.75","0.3234062355561722","4595","1102","4.169691470054446","6.0","3.0"
"473.astar","1","256kB","HAP_STATIC","256kB+HAP_STATIC","1","3","1:3","0.077224","363208532","100000001","128.08","0.27532393154244517","33241","8372","3.970496894409938","4.0","1.0"
"473.astar","1","256kB","HAP_STATIC","256kB+HAP_STATIC","1","5","1:5","0.077590","363214022","100000001","135.94","0.27531977000601593","33241","8372","3.970496894409938","4.0","1.0"
"473.astar","1","256kB","HAP_STATIC","256kB+HAP_STATIC","1","7","1:7","0.077571","363211962","100000001","143.83","0.2753213315149571","33241","8372","3.970496894409938","4.0","1.0"
"473.astar","1","256kB","HAP_STATIC","256kB+HAP_STATIC","3","5","3:5","0.077492","363203526","100000001","129.67","0.2753277263062694","33241","8372","3.970496894409938","4.0","1.0"
"473.astar","1","256kB","HAP_STATIC","256kB+HAP_STATIC","3","7","3:7","0.077474","363201466","100000001","124.05","0.27532928790546235","33241","8372","3.970496894409938","4.0","1.0"
"473.astar","1","256kB","HAP_STATIC","256kB+HAP_STATIC","5","7","5:7","0.086329","363598702","100000001","139.44","0.27502848731291674","33241","8372","3.970496894409938","9.0","12.0"
"473.astar","1","1MB","HAP_STATIC","1MB+HAP_STATIC","1","3","1:3","0.056694","362257550","100000001","146.17","0.27604669937175913","33153","8460","3.9187943262411347","5.0","3.0"
"473.astar","1","1MB","HAP_STATIC","1MB+HAP_STATIC","1","5","1:5","0.056536","362309886","100000001","133.94","0.2760068241692969","33327","8286","4.022085445329472","5.0","5.0"
"473.astar","1","1MB","HAP_STATIC","1MB+HAP_STATIC","1","7","1:7","0.056792","362212970","100000001","121.48","0.2760806743060581","33361","8252","4.042777508482792","5.0","2.0"
"473.astar","1","1MB","HAP_STATIC","1MB+HAP_STATIC","3","5","3:5","0.058832","361780184","100000001","137.94","0.2764109407385342","33225","8388","3.9610157367668095","4.0","2.0"
"473.astar","1","1MB","HAP_STATIC","1MB+HAP_STATIC","3","7","3:7","0.060313","361483480","100000001","131.00","0.27663781758436096","33290","8323","3.999759702030518","5.0","3.0"
"473.astar","1","1MB","HAP_STATIC","1MB+HAP_STATIC","5","7","5:7","0.057732","362023234","100000001","132.03","0.2762253679000061","33403","8210","4.0685749086479905","4.0","2.0"
"473.astar","1","4MB","HAP_STATIC","4MB+HAP_STATIC","1","3","1:3","0.056990","362136334","100000001","128.54","0.2761390990388719","33319","8294","4.017241379310345","4.0","2.0"
"473.astar","1","4MB","HAP_STATIC","4MB+HAP_STATIC","1","5","1:5","0.058464","361820518","100000001","108.11","0.27638012778479304","33249","8364","3.975251076040172","5.0","5.0"
"473.astar","1","4MB","HAP_STATIC","4MB+HAP_STATIC","1","7","1:7","0.057700","361995742","100000001","118.70","0.27624634601365006","33323","8290","4.019662243667069","5.0","3.0"
"473.astar","1","4MB","HAP_STATIC","4MB+HAP_STATIC","3","5","3:5","0.059351","361700422","100000001","118.33","0.2764718947438773","33353","8260","4.037893462469734","5.0","3.0"
"473.astar","1","4MB","HAP_STATIC","4MB+HAP_STATIC","3","7","3:7","0.058425","361894270","100000001","87.27","0.27632380308204385","33187","8426","3.9386422976501305","4.0","1.0"
"473.astar","1","4MB","HAP_STATIC","4MB+HAP_STATIC","5","7","5:7","0.058712","361797814","100000001","97.53","0.27639747154470096","33389","8224","4.059946498054475","10.0","18.0"
"482.sphinx3","1","256kB","HAP_STATIC","256kB+HAP_STATIC","1","3","1:3","0.056204","361003082","100000000","147.34","0.277005945339824","1910","496","3.850806451612903","5.0","3.0"
"482.sphinx3","1","256kB","HAP_STATIC","256kB+HAP_STATIC","1","5","1:5","0.056209","361003180","100000000","141.82","0.2770058701421965","1910","496","3.850806451612903","5.0","2.0"
"482.sphinx3","1","256kB","HAP_STATIC","256kB+HAP_STATIC","1","7","1:7","0.056209","361003180","100000000","132.02","0.2770058701421965","1910","496","3.850806451612903","5.0","2.0"
"482.sphinx3","1","256kB","HAP_STATIC","256kB+HAP_STATIC","3","5","3:5","0.056209","361003180","100000000","141.72","0.2770058701421965","1910","496","3.850806451612903","5.0","2.0"
"482.sphinx3","1","256kB","HAP_STATIC","256kB+HAP_STATIC","3","7","3:7","0.056209","361003180","100000000","130.67","0.2770058701421965","1910","496","3.850806451612903","5.0","2.0"
"482.sphinx3","1","256kB","HAP_STATIC","256kB+HAP_STATIC","5","7","5:7","0.056240","361003468","100000000","146.99","0.2770056491534868","1910","496","3.850806451612903","6.0","4.0"
"482.sphinx3","1","1MB","HAP_STATIC","1MB+HAP_STATIC","1","3","1:3","0.064271","360387108","100000000","135.07","0.277479404174469","1940","466","4.163090128755365","5.0","3.0"
"482.sphinx3","1","1MB","HAP_STATIC","1MB+HAP_STATIC","1","5","1:5","0.059660","360747826","100000000","145.11","0.27720194771180684","1922","484","3.9710743801652892","5.0","2.0"
"482.sphinx3","1","1MB","HAP_STATIC","1MB+HAP_STATIC","1","7","1:7","0.059660","360747826","100000000","129.99","0.27720194771180684","1922","484","3.9710743801652892","5.0","2.0"
"482.sphinx3","1","1MB","HAP_STATIC","1MB+HAP_STATIC","3","5","3:5","0.059278","360736486","100000000","148.20","0.277210661746037","1933","473","4.086680761099366","6.0","4.0"
"482.sphinx3","1","1MB","HAP_STATIC","1MB+HAP_STATIC","3","7","3:7","0.141562","358142518","100000000","141.96","0.2792184534761103","1929","477","4.044025157232705","9.0","12.0"
"482.sphinx3","1","1MB","HAP_STATIC","1MB+HAP_STATIC","5","7","5:7","0.250721","357353930","100000000","144.09","0.2798346166222378","1913","493","3.8803245436105476","6.0","5.0"
"482.sphinx3","1","4MB","HAP_STATIC","4MB+HAP_STATIC","1","3","1:3","0.059688","360714657","100000000","121.28","0.2772274374201545","1939","467","4.15203426124197","5.0","4.0"
"482.sphinx3","1","4MB","HAP_STATIC","4MB+HAP_STATIC","1","5","1:5","0.123373","358450410","100000000","108.31","0.27897861799070056","1917","489","3.920245398773006","4.0","1.0"
"482.sphinx3","1","4MB","HAP_STATIC","4MB+HAP_STATIC","1","7","1:7","0.078798","359650206","100000000","113.11","0.27804794306165365","1939","467","4.15203426124197","40.0","145.0"
"482.sphinx3","1","4MB","HAP_STATIC","4MB+HAP_STATIC","3","5","3:5","0.241565","357377934","100000000","103.35","0.2798158209734348","1936","470","4.1191489361702125","6.0","4.0"
"482.sphinx3","1","4MB","HAP_STATIC","4MB+HAP_STATIC","3","7","3:7","0.069900","360030248","100000000","109.38","0.27775444023247736","1908","498","3.8313253012048194","10.0","10.0"
"482.sphinx3","1","4MB","HAP_STATIC","4MB+HAP_STATIC","5","7","5:7","0.170705","357813618","100000000","96.01","0.27947510930117814","1947","459","4.241830065359477","58.0","140.0"
